<ImportExportXml xmlns:xsi="http://www.w3.org/2001/XMLSchema-instance" OrganizationVersion="9.2.25014.220" OrganizationSchemaType="Standard" CRMServerServiceabilityVersion="9.2.25014.00220">
  <Entities></Entities>
  <Roles></Roles>
  <Workflows></Workflows>
  <FieldSecurityProfiles></FieldSecurityProfiles>
  <Templates />
  <EntityMaps />
  <EntityRelationships />
  <OrganizationSettings />
  <optionsets />
  <CustomControls />
  <EntityDataProviders />
  <Connectors>
    <Connector>
      <connectorid>08af0b0f-9c95-4851-8e69-6fa42c1809db</connectorid>
      <description></description>
      <displayname>CT Contract</displayname>
      <iconbrandcolor>#003D9C</iconbrandcolor>
      <name>cttech_5Fct-20contract</name>
      <connectortype>1</connectortype>
      <openapidefinition>/Connector/cttech_5Fct-20contract_openapidefinition.json</openapidefinition>
      <connectionparameters>/Connector/cttech_5Fct-20contract_connectionparameters.json</connectionparameters>
      <policytemplateinstances>/Connector/cttech_5Fct-20contract_policytemplateinstances.json</policytemplateinstances>
      <iconblob>/Connector/cttech_5Fct-20contract_iconblob.Png</iconblob>
    </Connector>
    <Connector>
      <connectorid>e3b85304-5efb-4b77-a74c-d69d448ec3bd</connectorid>
      <description></description>
      <displayname>CT Contract Search</displayname>
      <iconbrandcolor>#003D9C</iconbrandcolor>
      <name>cttech_5Fct-20contract-20search</name>
      <connectortype>1</connectortype>
      <openapidefinition>/Connector/cttech_5Fct-20contract-20search_openapidefinition.json</openapidefinition>
      <connectionparameters>/Connector/cttech_5Fct-20contract-20search_connectionparameters.json</connectionparameters>
      <policytemplateinstances>/Connector/cttech_5Fct-20contract-20search_policytemplateinstances.json</policytemplateinstances>
      <iconblob>/Connector/cttech_5Fct-20contract-20search_iconblob.Png</iconblob>
    </Connector>
  </Connectors>
  <Languages>
    <Language>1033</Language>
  </Languages>
</ImportExportXml>